{
  "bert": {
    "accuracy": 0.8971264367816092,
    "precision_macro": 0.8970250134706751,
    "recall_macro": 0.8971264367816092,
    "f1_macro": 0.8969777733022148,
    "classification_report": {
      "Finance": {
        "precision": 0.8536382536382536,
        "recall": 0.858098223615465,
        "f1-score": 0.855862428348098,
        "support": 4785.0
      },
      "Politics": {
        "precision": 0.9113513513513514,
        "recall": 0.8808777429467085,
        "f1-score": 0.895855472901169,
        "support": 4785.0
      },
      "Sports": {
        "precision": 0.952994073165747,
        "recall": 0.974503657262278,
        "f1-score": 0.9636288489357305,
        "support": 4785.0
      },
      "Tech": {
        "precision": 0.8701163757273483,
        "recall": 0.8750261233019854,
        "f1-score": 0.8725643430238617,
        "support": 4785.0
      },
      "accuracy": 0.8971264367816092,
      "macro avg": {
        "precision": 0.8970250134706751,
        "recall": 0.8971264367816092,
        "f1-score": 0.8969777733022148,
        "support": 19140.0
      },
      "weighted avg": {
        "precision": 0.8970250134706752,
        "recall": 0.8971264367816092,
        "f1-score": 0.8969777733022147,
        "support": 19140.0
      }
    },
    "confusion_matrix": [
      [
        4106,
        192,
        38,
        449
      ],
      [
        260,
        4215,
        150,
        160
      ],
      [
        37,
        69,
        4663,
        16
      ],
      [
        407,
        149,
        42,
        4187
      ]
    ]
  },
  "sentencebert": {
    "accuracy": 0.8938349007314524,
    "precision_macro": 0.8935794583065128,
    "recall_macro": 0.8938349007314524,
    "f1_macro": 0.8936264418953301,
    "classification_report": {
      "Finance": {
        "precision": 0.8536483378632658,
        "recall": 0.8532915360501567,
        "f1-score": 0.8534698996655519,
        "support": 4785.0
      },
      "Politics": {
        "precision": 0.9036559139784947,
        "recall": 0.8781609195402299,
        "f1-score": 0.8907260201377848,
        "support": 4785.0
      },
      "Sports": {
        "precision": 0.9528571428571428,
        "recall": 0.9757575757575757,
        "f1-score": 0.9641713990707279,
        "support": 4785.0
      },
      "Tech": {
        "precision": 0.864156438527148,
        "recall": 0.8681295715778474,
        "f1-score": 0.8661384487072561,
        "support": 4785.0
      },
      "accuracy": 0.8938349007314524,
      "macro avg": {
        "precision": 0.8935794583065128,
        "recall": 0.8938349007314524,
        "f1-score": 0.8936264418953301,
        "support": 19140.0
      },
      "weighted avg": {
        "precision": 0.8935794583065128,
        "recall": 0.8938349007314524,
        "f1-score": 0.8936264418953302,
        "support": 19140.0
      }
    },
    "confusion_matrix": [
      [
        4083,
        188,
        39,
        475
      ],
      [
        259,
        4202,
        166,
        158
      ],
      [
        27,
        69,
        4669,
        20
      ],
      [
        414,
        191,
        26,
        4154
      ]
    ]
  }
}